mapa          , algoritmo, n  , tasa_supervivencia_promedio, tasa_supervivencia_std, evacuados_promedio , evacuados_std      , muertos_promedio   , muertos_std        , turnos_promedio   , turnos_std        , turnos_min, turnos_max, ejecuciones_con_evacuados, ejecuciones_sin_evacuados, congestion_promedio, congestion_std     , tiempo_algoritmo_promedio, tiempo_algoritmo_std
cuello_botella, BFS      , 120,         0.9442592592592594 ,    0.13386125903513182, 42.49166666666667  ,  6.0237566565809315,  2.5083333333333333,  6.0237566565809315,  92.26890756302521, 15.915932471067675,         67,        148,                       119,                         1, 1172.4583333333333 ,  561.0589911289281 ,       1.0192128949997519 ,  0.698309493081986
cuello_botella, DFS      , 120,         0.08425925925925926,    0.11447370591563553,  3.7916666666666665,  5.151316766203599 , 41.208333333333336 ,  5.151316766203599 , 302.4927536231884 , 83.53189302655704 ,         50,        496,                        69,                        51, 6214.841666666666  , 6418.669934731214  ,       2.5218131741688317 ,  1.1746913767179818
cuello_botella, A*       , 120,         0.9431481481481482 ,    0.1396510058342152 , 42.44166666666667  ,  6.284295262539684 ,  2.558333333333333 ,  6.284295262539684 , 103.42857142857143, 17.486833511158427,         77,        152,                       119,                         1, 2230.5833333333335 , 1349.611407398586  ,       1.0192536908352243 ,  1.509155501363868
cuello_botella, Greedy   , 120,         0.9340740740740741 ,    0.15238691761329498, 42.03333333333333  ,  6.857411292598275 ,  2.966666666666667 ,  6.857411292598274 , 113.05042016806723, 23.006575603692163,         70,        177,                       119,                         1,  901.075           ,  456.575822534099  ,       0.3910263350015157 ,  1.0554462715910358
cuello_botella, Genetico , 120,         0.7266666666666667 ,    0.23499431050011405, 32.7               , 10.574743972505132 , 12.3               , 10.574743972505132 , 310.5042016806723 , 68.87077975622293 ,        173,        550,                       119,                         1,  297.85833333333335,  307.852204412937  ,      88.69019520833002   , 17.198773725695855
laberinto     , BFS      , 120,         0.9353703703703703 ,    0.1341399762030523 , 42.09166666666667  ,  6.036298929137354 ,  2.908333333333333 ,  6.036298929137354 ,  94.80833333333334, 17.050244993598675,         69,        152,                       120,                         0, 1278.475           ,  676.7541783078572 ,       1.1382360291667282 ,  0.9084041823379388
laberinto     , DFS      , 120,         0.07185185185185185,    0.10816767322222888,  3.2333333333333334,  4.8675452950002995, 41.766666666666666 ,  4.8675452950002995, 302.4307692307692 , 96.48671690166238 ,         51,        585,                        65,                        55, 4918.541666666667  , 5114.418146088488  ,       2.91582227833181   ,  1.710346699425228
laberinto     , A*       , 120,         0.9340740740740741 ,    0.14621647607568   , 42.03333333333333  ,  6.579741423405601 ,  2.966666666666667 ,  6.5797414234056   , 101.90833333333333, 18.655206691288036,         69,        166,                       120,                         0, 2105.5833333333335 , 1376.4627640791298 ,       1.201584200830742  ,  2.089168367698069
laberinto     , Greedy   , 120,         0.9142592592592592 ,    0.16059066803100266, 41.141666666666666 ,  7.22658006139512  ,  3.8583333333333334,  7.22658006139512  , 111.81666666666666, 25.48652085118797 ,         72,        197,                       120,                         0, 1055.9083333333333 ,  612.7197118651588 ,       0.4620862000010675 ,  1.2614951454922096
laberinto     , Genetico , 120,         0.7457407407407408 ,    0.2543171525782615 , 33.55833333333333  , 11.444271866021769 , 11.441666666666666 , 11.444271866021769 , 314.88235294117646, 81.42118748021265 ,        185,        571,                       119,                         1,  324.8333333333333 ,  414.65803128983924,      90.18225798666778   , 19.823135042115492
abierto       , BFS      , 120,         0.9644444444444444 ,    0.08533512291929878, 43.4               ,  3.8400805313684447,  1.6               ,  3.8400805313684447,  87.88333333333334, 13.010779844300753,         66,        132,                       120,                         0, 1235.5666666666666 ,  599.2552483383557 ,       1.1056953666673508 ,  0.36671802036244816
abierto       , DFS      , 120,         0.08055555555555555,    0.14459340161156983,  3.625             ,  6.506703072520644 , 41.375             ,  6.506703072520644 , 272.0833333333333 , 96.51263053666781 ,         44,        417,                        60,                        60, 4868.033333333334  , 4140.42987646268   ,       2.793031538335102  ,  1.4095974753355547
abierto       , A*       , 120,         0.9701851851851852 ,    0.08362052390732677, 43.65833333333333  ,  3.762923575829705 ,  1.3416666666666666,  3.762923575829705 ,  93.325           , 14.81604995045757 ,         67,        154,                       120,                         0, 1980.2583333333334 , 1123.6527731251415 ,       0.7286781766641071 ,  0.5461844944829778
abierto       , Greedy   , 120,         0.964074074074074  ,    0.0919267688413761 , 43.38333333333333  ,  4.136704597861925 ,  1.6166666666666667,  4.136704597861924 , 100.65            , 22.642508546477593,         63,        169,                       120,                         0, 1051.625           ,  593.2682738423648 ,       0.27285484166447227,  0.6050217142466692
abierto       , Genetico , 120,         0.9314814814814815 ,    0.1383309677975128 , 41.916666666666664 ,  6.224893550888076 ,  3.0833333333333335,  6.224893550888076 , 253.75            , 49.62231302125922 ,        159,        422,                       120,                         0,   73.61666666666666,  102.68088637020188,      85.19583879333271   , 15.707312634092144
